Formula,Extracted_Eg_eV,Title,Year,DOI,Abstract_Snippet
InGeCl3,"0.536, 0.886","DFT based analysis of pressure driven mechanical, opto-electronic, and thermoelectric properties in lead-free InGeX3 (X = Cl, Br) perovskites for solar energy applications",2024,https://doi.org/10.1063/5.0233863,"Lead halide perovskites have distinct physiochemical properties and demonstrate remarkable power conversion efficiency. We used density functional theory to investigate the electrical, optical, structural, and elastic features of non-toxic InGeCl3 and InGeBr3 halide perovskite compounds at different hydrostatic pressures, from 0 to 8 GPa. InGeCl3 and InGeBr3 halide perovskite exhibit noteworthy changes in their electronic and optical properties under different pressure conditions. When the press..."
K2NaGaBr6,"1.182, 1.037","An approach towards next-generation hydrogen storage: a DFT study on A<sub>2</sub>LiTiH<sub>6</sub> (A = K, Ca) perovskite hydrides",2025,https://doi.org/10.1039/d5ra04660b,"This study explores the structural, mechanical, hydrogen storage, optical and thermodynamic properties of the double perovskite hydride A<sub>2</sub>LiTiH<sub>6</sub> (A = K, Ca) by means of density functional theory (DFT). With tolerance factors of 0.997 for K<sub>2</sub>LiTiH<sub>6</sub> and 0.903 for Ca<sub>2</sub>LiTiH<sub>6</sub>, both compounds have a stable cubic <i>Fm</i>-3<i>m</i> symmetry. K<sub>2</sub>LiTiH<sub>6</sub> and Ca<sub>2</sub>LiTiH<sub>6</sub> have calculated formation ener..."
Rb2AsAuCl6,"0.338, 0.885",Synergistic optoelectronic and thermoelectric performance in Rb2AsAuBr6 and Rb2AsAuCl6 double perovskites for multifunctional energy conversion,2026,https://doi.org/10.1038/s41598-026-42440-z,"In this work, we use density functional theory (DFT) to thoroughly analyze the structural, electrical, optical, and thermoelectric characteristics of halide double perovskites Rb<sub>2</sub>AsAuX<sub>4</sub> (X = Br, Cl). Both compounds' structural stability is confirmed by the optimized lattice characteristics, with Rb<sub>2</sub>AsAuBr<sub>4</sub> showing somewhat larger cell dimensions than Rb<sub>2</sub>AsAuCl<sub>4</sub>. Indirect band gaps of 0.338 eV (Br) and 0.885 eV (Cl), which are with..."
K2ScAgCl6,"2.45, 40","Tailoring halide double perovskite materials Rb2MgSnY6 (Y = I, Br, Cl) for enhanced optoelectronic and solar cells through first-principles study",2025,https://doi.org/10.24425/opelre.2025.155902,"Aiming to enhance halide double perovskites technological applications, this research examines optoelectronic, structural, and mechanical properties of Rb2MgSnY6 (Y = I, Br, Cl) compounds via the first-principles method, evaluating their suitability for prospective applications. The optimised structural parameters and cell volumes expand proportionally with the size of the halogen atoms, and the computed tolerance factors, along with positive phonon frequencies in band structures, confirm both s..."
SrHfO3,"0.1, 3.4",Optical properties of epitaxial SrHfO3 thin films grown on Si,2007,https://doi.org/10.1063/1.2812425,"The perovskite SrHfO3 can be a potential candidate among the high-permittivity materials for gate oxide replacement in future metal-oxide semiconductor field-effect transistor technology. Thin films of SrHfO3 were grown by molecular beam epitaxy and compared with SrTiO3 films. Their optical properties were investigated using spectroscopic ellipsometry and analyzed with respect to their structural properties characterized by x-ray diffractometry, atomic force microscopy, and transmission electron..."
LaTmO3,1,"Band gap tuning in ferroelectric Bi4Ti3O12 by alloying with La<i>TM</i>O3 (<i>TM</i> = Ti, V, Cr, Mn, Co, Ni, and Al)",2012,https://doi.org/10.1063/1.3697645,"We fabricated ferroelectric Bi4Ti3O12 (BiT) single crystalline thin films site-specifically substituted with LaTMO3 (TM = Al, Ti, V, Cr, Mn, Co, and Ni) on SrTiO3 substrates by pulsed laser epitaxy. When transition metals are incorporated into a certain site of BiT, some of BiT-LaTMO3 showed a substantially decreased band gap, coming from the additional optical transition between oxygen 2p and TM 3d states. Specifically, all alloys with Mott insulators revealed a possibility of band gap reductio..."
ZnSnS3,1.3,"First-Principles Design and Analysis of an Efficient, Pb-Free Ferroelectric Photovoltaic Absorber Derived from ZnSnO<sub>3</sub>",2015,https://doi.org/10.1021/acs.chemmater.5b01601,"Ferroelectric oxides, which exhibit a spontaneous and reversible electric polarization, have recently gained interest for photovoltaic applications, because this polarization can potentially facilitate exciton separation and carrier extraction while also generating open-circuit voltages orders-of-magnitude larger than the band gap. However, photovoltaic efficiencies in these materials are often limited by large band gaps and high hole effective masses. Developing a means to simultaneously reduce..."
LuNiO3,0.3,Band Gaps and Optical Properties of RENiO3 upon Strain: Combining First-Principles Calculations and Machine Learning,2023,https://doi.org/10.3390/ma16083070,"Rare earth nickel-based perovskite oxides (<i>RE</i>NiO<sub>3</sub>) have been widely studied over recent decades because of their unique properties. In the synthesis of <i>RE</i>NiO<sub>3</sub> thin films, a lattice mismatch frequently exists between the substrates and the thin films, which may affect the optical properties of <i>RE</i>NiO<sub>3</sub>. In this paper, the first-principles calculations were employed to study the electronic and optical properties of <i>RE</i>NiO<sub>3</sub> under ..."
Rb2ScInI6,"0.95, 0.90","Analysis of direct band gap A2ScInI6 (A=Rb, Cs) double perovskite halides using DFT approach for renewable energy devices",2021,https://doi.org/10.1016/j.jmrt.2021.05.080,"Double perovskite halides are probable renewable energy generation materials that are believed to fulfill the requirements for solving energy scarcity problems. Therefore, investigations of these hallides have emerging applications in the field of optoelectronic and thermoelectric devices. In current work, we also explored the physical characteristics of A2ScInI6 (A = Rb, Cs) double perovskite halides in terms of DFT calculations based all electrons FP-LAPW + lo method for the applications renew..."
Rb2YAgI6,"2.45, 40","Tailoring halide double perovskite materials Rb2MgSnY6 (Y = I, Br, Cl) for enhanced optoelectronic and solar cells through first-principles study",2025,https://doi.org/10.24425/opelre.2025.155902,"Aiming to enhance halide double perovskites technological applications, this research examines optoelectronic, structural, and mechanical properties of Rb2MgSnY6 (Y = I, Br, Cl) compounds via the first-principles method, evaluating their suitability for prospective applications. The optimised structural parameters and cell volumes expand proportionally with the size of the halogen atoms, and the computed tolerance factors, along with positive phonon frequencies in band structures, confirm both s..."
SrSnS3,1.535,Enhancing perovskite solar cell performance using a BaSnS <sub>3</sub> chalcogenide perovskite: a device simulation study,2025,https://doi.org/10.1039/d5ra04940g,"This study explores the potential of BaSnS<sub>3</sub>, a tin-based chalcogenide perovskite, as a lead-free absorber material using density functional theory (DFT), where the hybrid functional HSE06 is utilized to investigate its structural, electronic, and optical properties. This compound exhibits dynamic stability with no imaginary phonon frequencies and possesses an indirect bandgap of 1.535 eV, making it well-suited for photovoltaic applications. Its favorable optical characteristics includ..."
CoTeO3,3.582,Spinelectronic investigation of the quaternary vanadium fluoride Rb2NaVF6: Ab-initio method,2020,https://doi.org/10.31349/revmexfis.66.604,"In this study, we have investigated the structural, electronic, and magnetic properties of the Rb2NaVF6 compound. We have performed our calculations by the use of first-principle methods based on spin-polarized density functional theory, where the electronic exchange-correlation potential is treated by the generalized gradient approximation GGA- PBEsol coupled with the improved TB-mBJ approach. The calculated structural parameters of Rb2NaVF6 are in good agreement with the available experimental..."
RbVO3,2.67,[Spectral analysis and band gap of RbVO3].,2010,,"In the present paper, RbVO3 was prepared by wet chemistry synthesis from hybrid precursor. The structure of RbVO3 was characterized by X-ray diffraction (XRD) pattern and FTIR spectra. Photoluminescent (PL) properties were investigated by UV-Vis absorption spectrum and PL spectrum. In addition, the band gap of RbVO3 was calculated by using the CASTEP code with density-functional theory (DFT) method. The results indicated that RbVO3 could emit intense green-white fluorescence with peak wavelength..."
HoVO3,"1.12, 1.28, 1.57, 0.58","First principles investigations of the electronic and magnetic properties of RVO3 (R = Er, Ho, Y, Lu) vanadates",2022,https://doi.org/10.48550/arxiv.2211.07554,"In this paper, we investigate the influence of the rare earth element (R) on the physical properties of RVO3 (R = Er, Ho, Y, Lu). For this purpose, a theoretical work is reported in this study using ab initio method with the intent of enhancing our knowledge of the electronic, and magnetic properties of RVO3 (R = Er, Ho, Y, Lu) compounds. The electronic properties of these materials show the presence of Jahn-Teller effect, with a band gap of approximately 0.58eV, 1.57eV, 1.12eV, 1.28eV, for ErVO..."
BaBiO3,0.07,Thickness-Dependent Band Gap Modification in BaBiO3,2021,https://doi.org/10.3390/nano11040882,"The material BaBiO3 is known for its insulating character. However, for thin films, in the ultra-thin limit, metallicity is expected because the oxygen octahedra breathing mode will be suppressed as reported recently. Here, we confirm the influence of the oxygen breathing mode on the size of the band gap. The electronic properties of a BaBiO3 thickness series are studied using in-situ scanning tunneling microscopy. We observe a wide-gap (EG > 1.2 V) to small-gap (EG ≈ 0.07 eV) semiconductor tran..."
NiPS3,5.4,"Optical absorption of NiPS<sub>3</sub>in the near-infrared, visible and near-ultraviolet regions",1986,https://doi.org/10.1088/0022-3719/19/36/023,"The optical absorption spectrum of NiPS3 in the energy range (0-5.4 eV) has been measured at 300, 78 and 4.2 K. The features observed in the spectrum have been interpreted in terms of transitions between the Ni2+ 3d levels and transitions between the S 3pxpy valence states and the Ni2+ 3d eg empty states. The Dq and B parameters have also been estimated."
SrCoO3,"0.5, 1.26",Formation and Migration of Oxygen Vacancies in SrCoO<sub>3</sub> and Their Effect on Oxygen Evolution Reactions,2016,https://doi.org/10.1021/acscatal.6b00937,"Perovskite SrCoO3 is a potentially useful material for promoting the electrocatalytic oxygen evolution reaction, with high activities predicted theoretically and observed experimentally for closely related doped perovskite materials. However, complete stoichiometric oxidation is very difficult to realize experimentally—in almost all cases there are significant fractions of oxygen vacancies present. Here, using first-principles calculations we study oxygen vacancies in perovskite SrCoO3 from ther..."
K2AgAsBr6,1.48,"The study of new double perovskites K <sub>2</sub> AgAsX <sub>6</sub> (X = Cl, Br) for energy-based applications",2023,https://doi.org/10.1080/16583655.2023.2170680,"Halide double perovskites are the best alternative to Pb-halide perovskites. These materials play an important role in renewable energy generation. Therefore, we explore the physical properties of K2AgAsX6 (X = Cl, Br) double halide perovskites using full potential linearized augmented plane wave method . The structural parameters are calculated by optimization and analytical schemes. The negative values of formation energy confirm the thermodynamic stability, while Goldsmith’s tolerance factor ..."
NaCaH3,3.3,Structural investigation and thermodynamical properties of alkali calcium trihydrides,2010,https://doi.org/10.1063/1.3299732,"The ground-state structure, equilibrium structural parameters, electronic structure, and thermodynamical properties of MCaH3 (M=Li, Na, K, Rb, and Cs) phases have been investigated. From the 104 structural models used as inputs for structural optimization calculations, the ground-state crystal structures of MCaH3 phases have been predicted. At ambient condition, LiCaH3, NaCaH3, and KCaH3 crystallize in hexagonal, monoclinic, and orthorhombic structures, respectively. The remaining phases RbCaH3 ..."
Ca2FeIrO6,"0.25, 0.13","Electronic structure and estimation of Curie temperature in Ca2BIrO6 (B = Cr, Fe) double perovskites",2021,https://doi.org/10.1063/5.0069884,"We investigate the electronic and magnetic properties of Ca2CrIrO6 and Ca2FeIrO6 by means of density functional theory. These materials belong to a family of recently synthesized Ca2CrOsO6 whose properties show possible applications in a room temperature regime. Upon replacement of Os by Ir in Ca2CrOsO6, we found the system to exhibit a stable ferrimagnetic configuration with a bandgap of ∼0.25 eV and an effective magnetic moment of ∼2.58μB per unit cell. Furthermore, when chemical doping is con..."
Ca2FeIrO6,0.3,A dataset of DFT-computed oxygen vacancy formation energies of metal oxides,2023,https://doi.org/10.48550/arxiv.2309.01160,"The oxygen vacancy formation energy ($ΔE_{vf}$) governs defect dynamics and is a useful metric to perform materials selection for a variety of applications. However, density functional theory (DFT) calculations of $ΔE_{vf}$ come at a greater computational cost than the typical bulk calculations available in materials databases due to the involvement of multiple vacancy-containing supercells. As a result, available repositories of direct calculations of $ΔE_{vf}$ remain relatively scarce, and the..."
Ba2PrSbO6,"1.57, 1.73","Strategic Doping for Precise Structural Control and Intense Photocurrents under Visible Light in Ba2M0.4Bi1.6O6(M=La, Ce, Pr, Pb, Y) Double Perovskites",2025,https://doi.org/10.20944/preprints202505.1995.v1,"Developing functional perovskites is important for advancing solar energy conversion technologies. This study investigates the effects of dopants on the structural, optical, electronic and solar conversion performances of Ba2M0.4Bi1.6O6 double perovskites. X-ray diffraction (XRD) and Rietveld refinement confirm crystallization in I2/m space group (M=La, Ce, Pr, Pb), and Fm3m and I2/m space groups (M=Y). The B1-O-B2 structure modulates to highly ordered (M=La, Y), partial ordered (M=Pr), or disor..."
Ca2TaMnO6,0.3,A dataset of DFT-computed oxygen vacancy formation energies of metal oxides,2023,https://doi.org/10.48550/arxiv.2309.01160,"The oxygen vacancy formation energy ($ΔE_{vf}$) governs defect dynamics and is a useful metric to perform materials selection for a variety of applications. However, density functional theory (DFT) calculations of $ΔE_{vf}$ come at a greater computational cost than the typical bulk calculations available in materials databases due to the involvement of multiple vacancy-containing supercells. As a result, available repositories of direct calculations of $ΔE_{vf}$ remain relatively scarce, and the..."
LaRuO3,3.02,Mesoporous Cu-Doped Manganese Oxide Nano Straws for Photocatalytic Degradation of Hazardous Alizarin Red Dye,2023,https://doi.org/10.1021/acsomega.3c03736,"The present work reports the photocatalytic degradation of alizarin red (AR) using Cu-doped manganese oxide (<b>MH16-MH20</b>) nanomaterials as catalysts under UV light irradiation. Cu-doped manganese oxides were synthesized by a very facile hydrothermal approach and characterized by energy dispersive X-ray spectroscopy, powder X-ray diffraction, scanning electron microscopy, Brunauer-Emmett-Teller analysis, UV-vis spectroscopy, and photoluminescence techniques. The structural, morphological, an..."
Ba2NiMoO6,"2.20, 7.35, 5.48, 5.42, 2.10, 8.71","Self-consistent (DFT + U) study of electronic, structural and magnetic properties in A<sub>2</sub>NiMoO<sub>6</sub>(A = Ba, Sr) compounds",2016,https://doi.org/10.1088/2053-1591/3/8/086104,"This work aims to study the double perovskites A2NiMoO6 (A = Ba, Sr) by using the first principle calculation, within the framework of the self-consistent Hubbard correction. The value of this correction, for Ni and Mo depends strongly on the type of the studied compounds. Such values are determinate as 7.35 eV for Ni and 5.42 eV for Mo in the compound Ba2NiMoO6, whereas in the case of Sr2NiMoO6 the calculated values are 8.71 eV and 5.48 eV for Ni and Mo compound respectively. Based on the densi..."
Cs2NaYI6,"3.10, 3.65",Iodide Double Perovskites and the Limits of their Structural Stability,2024,https://doi.org/10.1002/chem.202404009,"While halide double perovskites A<sub>2</sub>M(I)M(III)X<sub>6</sub> have attracted significant attention, examples involving iodides are rare. We examine the limits of the structural stability of iodide double perovskites, presenting the synthesis and single-crystal structures of Cs<sub>2</sub>NaScI<sub>6</sub> and Cs<sub>2</sub>NaYI<sub>6</sub>. Bypassing the common expectation that iodides have small band gaps, these compounds display optical gaps of 3.10 eV [M(III) = Sc] and 3.65 eV [M(III) ..."
Cs2ScInI6,"0.95, 0.90","Analysis of direct band gap A2ScInI6 (A=Rb, Cs) double perovskite halides using DFT approach for renewable energy devices",2021,https://doi.org/10.1016/j.jmrt.2021.05.080,"Double perovskite halides are probable renewable energy generation materials that are believed to fulfill the requirements for solving energy scarcity problems. Therefore, investigations of these hallides have emerging applications in the field of optoelectronic and thermoelectric devices. In current work, we also explored the physical characteristics of A2ScInI6 (A = Rb, Cs) double perovskite halides in terms of DFT calculations based all electrons FP-LAPW + lo method for the applications renew..."
CsPbCl3,0.47,Solution Synthesis Approach to Colloidal Cesium Lead Halide Perovskite Nanoplatelets with Monolayer-Level Thickness Control,2016,https://doi.org/10.1021/jacs.5b12124,"We report a colloidal synthesis approach to CsPbBr3 nanoplatelets (NPLs). The nucleation and growth of the platelets, which takes place at room temperature, is triggered by the injection of acetone in a mixture of precursors that would remain unreactive otherwise. The low growth temperature enables the control of the plate thickness, which can be precisely tuned from 3 to 5 monolayers. The strong two-dimensional confinement of the carriers at such small vertical sizes is responsible for a narrow..."
BaSnS3,1.535,Enhancing perovskite solar cell performance using a BaSnS <sub>3</sub> chalcogenide perovskite: a device simulation study,2025,https://doi.org/10.1039/d5ra04940g,"This study explores the potential of BaSnS<sub>3</sub>, a tin-based chalcogenide perovskite, as a lead-free absorber material using density functional theory (DFT), where the hybrid functional HSE06 is utilized to investigate its structural, electronic, and optical properties. This compound exhibits dynamic stability with no imaginary phonon frequencies and possesses an indirect bandgap of 1.535 eV, making it well-suited for photovoltaic applications. Its favorable optical characteristics includ..."
Rb2InGaCl6,"1.24, 1.38","A computational insight of the physical properties of MoSX (X= Cl, Br, I) for green energy applications",2025,https://doi.org/10.1039/d5ra07274c,"We employed first-principles DFT calculations to investigate the structural, optoelectronic, and thermoelectric properties of halide-based MoSX (X = Cl, Br, I) materials. We observed that these materials exhibit an energetically stable nature due to lower formation energies. MoSX (X = Cl, Br, I) possess a semiconducting behavior with bandgaps ranging from 1.24 eV to 1.38 eV. Notably, MoSCl and MoSBr show a direct bandgap, which is advantageous for optoelectronic devices such as light-emitting di..."
Ca2MnReO6,3.7,"Synthesis, Phase Transition, and Optical Studies of Ba2−xSrxZnWO6 (x = 1.00, 1.25, 1.50, 1.75, 2.00) Tungsten Double Perovskite Oxides",2020,https://doi.org/10.3390/cryst10040299,"Ba2−xSrxZnWO6 double perovskite (DP) oxide compounds (x = 1, 1.25, 1.5, 1.75, 2) were successfully created by means of conventional solid-state techniques. The crystal structures of our series were studied using an X-ray diffractometer. The x = 1 compound has a cubic (Fm-3m) crystal structure, the 1 ≤ x ≤ 2 compounds have tetragonal (I4/m) symmetry, and the phase was transferred to monoclinic (P21/n) symmetry for the Sr2ZnWO6 (x = 2) compound. Scanning electron microscopy (SEM) was used to inves..."
Ca2MnReO6,4.58,Studies on the Structure and Optical Properties of BaSrMgWO&lt;sub&gt;6&lt;/sub&gt; Thin Films Deposited by A Spin Coating Method,2022,https://doi.org/10.20944/preprints202207.0413.v1,"Highly transparent thin films with the chemical formula BaSrMgWO6 were deposited by spin coating using a solution of nitrates of Ba, Sr and Mg and ammonium paratungstate in dimethylformamide with a ratio Ba:Sr:Mg;W=1:1:1:1. XRD, SEM, EDX and XPS investigations evidenced that an annealing at 800 &amp;ordm;C for 1h leaves the structure amorphous with a precipitate on the surface and that a supplementary annealing at 850 &amp;ordm;C for 45 min forms a nanocrystalline structure and dissolves a part ..."
NaNbO3,"4.0, 2.8, 0.6",Role of Ag<sup>+</sup> in the Band Structures and Photocatalytic Properties of AgMO<sub>3</sub> (M:  Ta and Nb) with the Perovskite Structure,2002,https://doi.org/10.1021/jp025974n,"Photophysical and photocatalytic properties of perovskite-type materials AgMO3 (M: Ta and Nb) consisting of Ag+ and d0 ions were investigated. The band gaps of AgTaO3 and AgNbO3 were 3.4 and 2.8 eV, respectively, being 0.6 eV smaller than the band gaps of NaTaO3 (4.0 eV) and NaNbO3, even if the crystal structures of AgMO3 were similar to those of NaMO3. It was found from the electronic band structure study, using the plane-wave-based density functional method, that a hybrid orbital of Ag 4d and ..."
NdBO3,5,&lt;title&gt;Synthesis and characterization of optically nonlinear and light-emitting lanthanide borates&lt;/title&gt;,2001,https://doi.org/10.1117/12.446881,"Lanthanide borates, LnBO3, were prepared via hydrothermal methods, specifically supercritical basic water, in sizes up to 3 X 0.5 X 0.5 mm and their crystallographic, physical, and optical properties studied. The materials are thermally stable up to 1000 degrees C and their crystal structure, although previously thought to be centric orthorhombic, is shown to be orthorhombic yet acentric as is confirmed by the observance of second harmonic generated light. Absorption and luminescence from the Nd..."
AgRuO3,"7, 2.0, 700, 2",Pressure-Induced Intermetallic Charge Transfer and Semiconductor-Metal Transition in Two-Dimensional AgRuO <sub>3</sub>,2022,https://doi.org/10.31635/ccschem.022.202201989,"Open AccessCCS ChemistryRESEARCH ARTICLE24 May 2022Pressure-Induced Intermetallic Charge Transfer and Semiconductor-Metal Transition in Two-Dimensional AgRuO3 Chuanhui Zhu, Jinjin Yang, Pengfei Shan, Mei-Huan Zhao, Shuang Zhao, Cuiying Pei, Bowen Zhang, Zheng Deng, Mark Croft, Yanpeng Qi, Lihong Yang, Yonggang Wang, Xiaojun Kuang, Long Jiang, Dao-Xin Yao, Jin-Guang Cheng and Man-Rong Li Chuanhui Zhu Key Laboratory of Bioinorganic and Synthetic Chemistry of Ministry of Education, School of Chemis..."
Rb2NaInI6,"2.879, 1.35",Computational Engineering of Direct-Bandgap Double Perovskites for Solar Cells,2026,https://doi.org/10.4018/979-8-3373-6058-4.ch005,"The pursuit of sustainable, lead-free perovskites has fueled the growing interest in halide double perovskites. This study utilizes first-principles calculations to explore the structural, elastic, electronic, and optical properties of Rb2NaInX6 (X=Br, I) and to evaluate their photovoltaic potential. The structural stability and mechanical strength of Rb2NaInBr6 have been substantiated through the application of Goldschmidt's tolerance factors, elastic constants, and bulk moduli. These findings ..."
EuFeO3,2.3,Microwave synthesis of nanoparticulate EuFeO<sub>3</sub> and its visible light photocatalytic activity,2017,https://doi.org/10.1080/10584587.2017.1352312,"Using Eu(NO3)3·6H2O and Fe(NO3)3·9H2O as raw material, the nanoparticulate EuFeO3 was directly synthesized by a one-step microwave route without additional high temperature calcination process. The prepared sample was characterized by powder X-ray diffraction (XRD), scanning electron microscopy (SEM), thermogravimetry and differential thermal analysis (TG-DTA), Fourier transform infrared spectroscopy (FT-IR) and UV-visible diffuse reflectance spectroscopy (DRS). The results show that the EuFeO3 ..."
EuFeO3,2.39,"Influence of Synthetic Conditions on the Crystal Structure, Optical and Magnetic Properties of o-EuFeO3 Nanoparticles",2023,https://doi.org/10.3390/coatings13061082,"In this paper, powders consisting of o-EuFeO3 nanoparticles were obtained by the co-precipitation method using two different precipitating agents (NH3 and (NH4)2CO3 solutions; corresponding products were denoted as samples S.1 and S.2, respectively) and followed by annealing for 1 h at 750, 850, and 950 °C. The magnetic, optical, and physicochemical characteristics of S.1 and S.2 were evaluated by means of EDXS (energy dispersive X-ray spectroscopy), PXRD (powder X-ray diffraction), TG/DSC (ther..."
Rb2InAgCl6,"1.180, 0.770, 1.370, 1.089, 1.041, 0.775, 1.152, 1.169, 1.039, 0.784, 1.310, 0.769","Investigation of Structural, Electronic and Optical Properties of Na2InAgCl6, K2InAgCl6, and Rb2InAgCl6 Lead-Free Halide Double Perovskites Regarding with Cs2InAgCl6 Perovskites Cell and a Comparative Study by DFT Functionals",2021,https://doi.org/10.1590/1980-5373-mr-2021-0086,"Electronics band structures, the total density of state, the partial density of state and optical properties were investigated by DFT method for A2InAgCl6 (A= Cs, Na, K, and Rb). Moreover, the band gap of Na2InAgCl6, K2InAgCl6, Rb2InAgCl6 and Cs2InAgCl6 were calculated at 1.039 eV, 1.041 eV, 1.039 eV and 1.089 eV by GGA with PBE, 0.784 eV, 0.769 eV, 0.775 eV and 0.770 eV by LDA with CA-PZ and 1.310 eV, 1.152 eV, 1.180 eV and 1.169 eV by GGA with RPBE functionals. The density of states (DOS) and ..."
BiRhO3,3.82,"Electronic, Magnetic and Optical Properties of XScO&lt;sub&gt;3&lt;/sub&gt; (X=Mo, W) Perovskites&lt;strong&gt; &lt;/strong&gt;",2020,https://doi.org/10.20944/preprints202011.0573.v1,Density Functional Theory (DFT) full potential linearized augmented plane wave (FP-LAPW) method with the Modified Becke-Johnson (mBJ) approximation is used to perform spin polarised calculations of the transition metal perovskites MoScO3 and WScO3. Both depict half metallic behaviour with semiconducting and metallic in the minority and majority spins respectively. MoScO3 and WScO3 have indirect R&amp;minus; &amp;Gamma; band gaps in the minority spin channels of 3.61 and 3.82eV respectively. More...
Cs2LiCeBr6,"1.162, 2.944",K2AgInCl6: A promising material for optoelectronic and thermoelectric applications,2025,https://doi.org/10.31349/revmexfis.71.040502,"Using the FP-LAPW method with the exchange and correlation potentials of the GGA and mBJ-GGA approximations, we have studied the structural, electronic, thermoelectric, and optical properties of the double perovskite halide compound K2AgInCl6. Our results indicate that this compound is stable in the nonmagnetic phase and exhibits structural stability according to the normative values ​​of the Goldsmith factor (t) and octahedral factor (μ). It is thermodynamically stable, as evidenced by negative..."
Ba2InSbO6,"2.8, 3",Charting Ba-Based Double Perovskite Oxides for Visible-Light-Driven Photocatalytic Water Splitting,2023,https://doi.org/10.1021/acs.jpcc.2c08568,"Realizing green hydrogen generation is contingent on developing low-cost, ecofriendly, and viable photocatalysts for water splitting. Using first-principles screening, we filtered out several Ba-based double perovskites (i.e., Ba2BB′O6) that are desired for such applications. Detailed chemical and electronic structure analyses reveal that all of the studied double perovskites, despite their disparate compositions, fall into five classes, depending on the orbital occupancy of the B and B′ cations..."
Ba2InSbO6,0.3,A dataset of DFT-computed oxygen vacancy formation energies of metal oxides,2023,https://doi.org/10.48550/arxiv.2309.01160,"The oxygen vacancy formation energy ($ΔE_{vf}$) governs defect dynamics and is a useful metric to perform materials selection for a variety of applications. However, density functional theory (DFT) calculations of $ΔE_{vf}$ come at a greater computational cost than the typical bulk calculations available in materials databases due to the involvement of multiple vacancy-containing supercells. As a result, available repositories of direct calculations of $ΔE_{vf}$ remain relatively scarce, and the..."
RbTaO3,"1.12, 1.92, 1.08","<scp>DFT</scp> ‐based insight into the magnetic and thermoelectric characteristics of <scp> XTaO <sub>3</sub> </scp> (X = Rb, Fr) ternary perovskite oxides for optoelectronic applications",2020,https://doi.org/10.1002/er.5968,"Nowadays, there exists an increasing trend of investigating ternary perovskite oxide materials because of their wide applications in solar cells and similar electronic and optoelectronic devices. This work describes a systematic study performed through state-of-the-art ab initio density functional theory (DFT) approach associated with the magnetic, electronic, and thermoelectric behavior of XTaO3 (X = alkali metals i.e., Rb, Fr) tantalate perovskite oxides. These compounds are found to be semico..."
DyBO3,5.3,Amorf ve nano-boyutlu HoBO3.2.8H2O bileşiğinin sentezi ve karakterizasyonu,2019,https://doi.org/10.25092/baunfbed.651000,"Bu çalışmada ilk defa amorf ve nano-yapılı HoBO3.2.8H2O bileşiği, tamponlu-çöktürme yöntemiyle başarılı bir şekilde sentezlendi. Sentezlenen bileşiğin FTIR spektrumunda, 1393 cm-1 ([BO3] asimetrik gerilme), 935 cm-1 ([BO3] simetrik gerilme) ve 681 cm-1 ([BO3] düzlem dışı bükülme) dalga sayılarında üç temel titreşim bandı gözlendi. Bu titreşim bantları, HoBO3.2.8H2O bileşiğinin kimyasal yapısında, düzlem üçgen [BO3] gruplarının bulunduğunu ortaya koydu. XRD analizi ile sentezlenen ürünün amorf öz..."
K2TlAsBr6,4.66,A comprehensive study of Lanthanides based Halide Double Perovskites A₂MTlX₆ for high frequency optical and thermoelectric applications,2025,https://doi.org/10.21203/rs.3.rs-7585186/v1,"<title>Abstract</title> The design of stable, nontoxic, and efficient halide double perovskites has emerged as a strategic pathway toward next-generation optoelectronic and energy conversion devices. In this work, we present a comprehensive first-principles investigation of A₂MTlX₆ (A = K, Rb, Cs; M = Sc, Y, La; X = Cl, Br, I) compounds using the FP-LAPW method with local orbitals, incorporating PBEsol-GGA and the TB-mBJ exchange–correlation schemes for accurate property prediction. Structural s..."
Ba2ZrTiO6,"32, 6","ELECTRONIC, STRUCTURAL AND FERROELECTRIC PROPERTIES OF THE Ba&lt;sub&gt;2&lt;/sub&gt;ZrTiO&lt;sub&gt;6&lt;/sub&gt; DOUBLE PEROVSKITE",2014,https://doi.org/10.15446/dyna.v81n183.34859,"En este trabajo reportamos la sintesis, la caracterizacion estructural, el comportamiento ferroelectrico y las propiedades electronicas de la perovskita compleja Ba2ZrTiO6. Las muestras fueron sintetizadas mediante el metodo estandar de reaccion de estado solido. La estructura cristalina se estudio a traves de experimentos de difraccion de rayos X y analisis de tipo Rietveld. Los resultados revelan que el material cristaliza en una estructura romboedrica, perteneciente al grupo espacial R-3 (#14..."
Ba2MnWO6,1,The study of electronic structure and optical properties of Ba2MnWO6 within density functional theory,2023,https://doi.org/10.1063/10.0017260,"Based on density functional theory, the electronic and optical properties of double perovskites Ba2MnWO6 were studied using the generalized gradient approximation. We have looked into four magnetic configurations, such as collinear antiferromagnetic AF-1, AF-2 and noncollinear antiferromagnetic AF-NC1, AF-NC2 structures. The obtained results show that the valence band maximum is mainly dominated by Mn-3d orbitals, while the conduction band minimum is mainly composed of W-5d orbitals. In addition..."
Ba2TaFeO6,0.3,A dataset of DFT-computed oxygen vacancy formation energies of metal oxides,2023,https://doi.org/10.48550/arxiv.2309.01160,"The oxygen vacancy formation energy ($ΔE_{vf}$) governs defect dynamics and is a useful metric to perform materials selection for a variety of applications. However, density functional theory (DFT) calculations of $ΔE_{vf}$ come at a greater computational cost than the typical bulk calculations available in materials databases due to the involvement of multiple vacancy-containing supercells. As a result, available repositories of direct calculations of $ΔE_{vf}$ remain relatively scarce, and the..."
TlBS3,"1.74, 2.44, 2.32","Perovskite Compounds ABS3 (A = Rb, Cs, Tl) for Photovoltaic and Optoelectronic Applications: a DFT Study",2025,https://doi.org/10.1134/s1063782625600275,"Referring to the studies reporting recent advances in chalcogenide-based perovskite materials, this study aims to fill the gap in theoretical data for in-depth understanding of monoclinic structure ABS3 (A = Rb, Cs, Tl) perthioborate materials and explores their potential in photovoltaic and optoelectronic applications. For the first time, their structural, electronic, elastic and optical properties were carefully calculated using the plane wave pseudopotential (PW-PP) method implemented in the ..."
NaIrO3,"1.09, 1.2","Investigations of the structural, mechanical and optoelectronic attributes of Rb2BB'Tl I6 ( B'= As, Ga) double perovskites for photovoltaics",2024,https://doi.org/10.21203/rs.3.rs-3903781/v1,"<title>Abstract</title> Double perovskites based on rubidium have demonstrated potential for obtaining high solar cell power conversion efficiencies. Their distinct crystal structure and electrical characteristics influence these materials' potential as effective light absorbers. In this present manuscript, a detailed scrutiny of the physical aspects of halide perovskites Rb<sub>2</sub>TlAsI<sub>6</sub> and Rb<sub>2</sub>TlGaI<sub>6</sub> is presented using density functional theory framework im..."
LuVO3,"1.12, 1.28, 1.57, 0.58","First principles investigations of the electronic and magnetic properties of RVO3 (R = Er, Ho, Y, Lu) vanadates",2022,https://doi.org/10.48550/arxiv.2211.07554,"In this paper, we investigate the influence of the rare earth element (R) on the physical properties of RVO3 (R = Er, Ho, Y, Lu). For this purpose, a theoretical work is reported in this study using ab initio method with the intent of enhancing our knowledge of the electronic, and magnetic properties of RVO3 (R = Er, Ho, Y, Lu) compounds. The electronic properties of these materials show the presence of Jahn-Teller effect, with a band gap of approximately 0.58eV, 1.57eV, 1.12eV, 1.28eV, for ErVO..."
Na2CuSbF6,"0.471, 0.653, 0.323","First-principles calculations to investigate structural, mechanical, electronic and optical properties of Na <sub>2</sub> CuSbF <sub>6</sub> for Sustainable Device Applications",2026,https://doi.org/10.1142/s0217984926500752,"The pursuit of environmentally benign and structurally robust alternatives to lead-based perovskites has motivated the investigation of ecofriendly halide double perovskites for next-generation optoelectronic applications. In this work, the structural, mechanical, electronic, and optical properties of the fluoride-based double perovskite Na 2 CuSbF 6 are systematically examined using first-principles density functional theory within the CASTEP framework, employing GGA-PBE, HSE06, and spin-orbit ..."
Sr2FeOsO6,"0.09, 0.30, 0.125",First-principle investigations of the peculiar magnetic behavior of Sr<sub>2</sub>FeOsO<sub>6</sub>,2014,https://doi.org/10.1002/pssr.201409287,"Structural, electronic and magnetic properties of Sr2FeOsO6 have been revisited by using the first-principle calculations. Semiconducting behavior is reproduced. The band gap is 0.09 eV from generalized gradient approximation (GGA) and 0.30 eV by considering both SOC and U, a bit larger than the experimental observed 0.125 eV. In the C-type antiferromagnetic configuration, spin frustration is found by analysing the magnetic exchange parameters, explaining the experimental observed magnetic compl..."
Ca2CoIrO6,0.3,A dataset of DFT-computed oxygen vacancy formation energies of metal oxides,2023,https://doi.org/10.48550/arxiv.2309.01160,"The oxygen vacancy formation energy ($ΔE_{vf}$) governs defect dynamics and is a useful metric to perform materials selection for a variety of applications. However, density functional theory (DFT) calculations of $ΔE_{vf}$ come at a greater computational cost than the typical bulk calculations available in materials databases due to the involvement of multiple vacancy-containing supercells. As a result, available repositories of direct calculations of $ΔE_{vf}$ remain relatively scarce, and the..."
SrTiO3,"5, 3.75, 33, 15, 24, 2, 26, 3.25",Bulk electronic structure of SrTiO3: Experiment and theory,2001,https://doi.org/10.1063/1.1415766,"Valence electron-energy loss spectroscopy (VEELS) in a dedicated scanning transmission electron microscope, vacuum ultraviolet spectroscopy and spectroscopic ellipsometry, and ab initio band structure calculations in the local density approximation have been used to determine the optical properties and the electronic structure of SrTiO3. Assignments of the interband transitions in the electronic structure of bulk SrTiO3 have been determined quantitatively by comparison of VEELS spectra with vacu..."
Ba2SmNbO6,1.32,"Structural, Electronic, Elastic, Mechanical, Optical and Thermoelectric Properties of the Chalcogenide Double Perovskites A<sub>2</sub>GaNbS<sub>6</sub> (A = Ca, Sr and Ba): Insights From Density Functional Theory Calculations",2022,https://doi.org/10.2478/awutp-2022-0003,"Abstract Recently, the lead-free double perovskite compounds have been evinced to be promising candidate for thermoelectric and optoelectronic technologies. In this paper; we have probed a theoretical works on the different physical properties: Structural, electronic, elastic, optical and thermoelectrical properties of the chalcogenide double perovskites A 2 GaNbS 6 (A=Ca, Sr and Ba) within the instructions of density functional theory. The calculations have incorporated using the full potential..."
YMoO3,2.7,Characterization and optical properties of Pr2O3-doped molybdenum lead-borate glasses,2017,,"Pr3+ doped molybdenum lead-borate glasses with the chemical composition 75PbO-25-(x+y)B2O3-yMoO3-xPr2O3 (where x = 0.5 and 1.0 mol% and y = 0 and 5 mol%) were prepared by conventional melt-quenching technique. Thermal, optical and structural analyses are carried out using DSC, UV and FTIR spectra. The physical parameters, like glass transition (Tg), stability factor (Î�T), optical energy band gap (Egopt), of these glasses have been determined as a function of dopant concentration. The Tg and opt..."
Ba2LuBiO6,2.629,Non-Hermitian bonding and electronic reconfiguration of Ba$_2$ScNbO$_6$ and Ba$_2$LuNbO$_6$,2024,https://doi.org/10.48550/arxiv.2402.07615,"Despite the extensive applications of perovskite compounds, the precise nature of non-Hermitian bonding in these materials remains poorly understood. In this study, density functional theory calculations were performed to determine the electronic structures of perovskite compounds. In particular, the bandgaps of Ba$_2$ScNbO$_6$ and Ba$_2$LuNbO$_6$ were found to be 2.617 and 2.629 eV, respectively, and the deformation bond energies and non-Hermitian bonding of these compounds were calculated. The..."
Rb2NaCoF6,"1.12, 1.06","A computational insight into Rb<sub>2</sub>ASbX<sub>6</sub> (A=Tl, Cu &amp; X=I, Cl) double perovskites for energy storage and optoelectronic applications",2023,https://doi.org/10.1088/1402-4896/acf3a9,"Abstract Double perovskites are considered to be outstanding materials for encountering the energy crises faced by the world community. This article comprehensively addresses the electronic structure, mechanical, optical and transport attributes of Rb 2 ASbX 6 (A=Tl, Cu &amp; X=I, Cl) double perovskites by using the DFT approach. The structural and thermodynamic stability is confirmed with negative formation energy and tolerance factor. An indirect bandgap of 1.06 eV for Rb 2 CuSbCl 6 and a dire..."
Sr2TaCoO6,0.3,A dataset of DFT-computed oxygen vacancy formation energies of metal oxides,2023,https://doi.org/10.48550/arxiv.2309.01160,"The oxygen vacancy formation energy ($ΔE_{vf}$) governs defect dynamics and is a useful metric to perform materials selection for a variety of applications. However, density functional theory (DFT) calculations of $ΔE_{vf}$ come at a greater computational cost than the typical bulk calculations available in materials databases due to the involvement of multiple vacancy-containing supercells. As a result, available repositories of direct calculations of $ΔE_{vf}$ remain relatively scarce, and the..."
KNbO3,"1.5, 3.2","Structural phase transition, narrow band gap, and room-temperature ferromagnetism in [KNbO3]1−x[BaNi1/2Nb1/2O3−δ]x ferroelectrics",2014,https://doi.org/10.1063/1.4896317,"Structural phase transition, narrow band gap (Eg), and room-temperature ferromagnetism (RTFM) have been observed in the [KNbO3]1−x[BaNi1/2Nb1/2O3−δ]x (KBNNO) ceramics. All the samples have single phase perovskite structure, but exhibit a gradual transition behaviour from the orthorhombic to a cubic structure with the increase of x. Raman spectroscopy analysis not only corroborates this doping-induced change in normal structure but also shows the local crystal symmetry for x ≥ 0.1 compositions to..."
KNbO3,1,Continuously controllable optical band gap in orthorhombic ferroelectric KNbO3-BiFeO3 ceramics,2017,https://doi.org/10.1063/1.4982600,"The optical bandgap of orthorhombic ferroelectric KNbO3 is shown to be continuously controllable via Bi and Fe co-substitution according to a K1-xBixNb1-xFexO3 doping mechanism. The room temperature X-ray diffraction data combined with Raman spectroscopy analysis show the polar orthorhombic crystal structure to persist up to x = 0.25, while the bandgap narrows monotonically by 1 eV (∼33%). In-situ Raman spectroscopy corroborates the polar nature of all compositions in the temperature range of –1..."
Cs2ScTlI6,"2.05, 2.42","A Theoretical Study for Investigation of Structural, Optical, Electronic, and Mechanical Properties of Double Perovskites Halide for Solar Cell Application",2025,https://doi.org/10.71107/8z89j617,"For the calculation of structural, optical, electronic and mechanical properties of a X2ScTlI6 with X = Cs, Li, Na and K possessing a cubic (2 2 5) structure a density functional theory (DFT) approach has been employed. The Perdew–Burke–Ernzerhof (PBE) approach and alongside generalized gradient approximation (GGA) are employed to investigate the structural, bandgap topologies, density of states and optical parameters of the compounds. High values of optical parameters like absorption (α = 105 c..."
Cs2ScTlI6,4.66,A comprehensive study of Lanthanides based Halide Double Perovskites A₂MTlX₆ for high frequency optical and thermoelectric applications,2025,https://doi.org/10.21203/rs.3.rs-7585186/v1,"<title>Abstract</title> The design of stable, nontoxic, and efficient halide double perovskites has emerged as a strategic pathway toward next-generation optoelectronic and energy conversion devices. In this work, we present a comprehensive first-principles investigation of A₂MTlX₆ (A = K, Rb, Cs; M = Sc, Y, La; X = Cl, Br, I) compounds using the FP-LAPW method with local orbitals, incorporating PBEsol-GGA and the TB-mBJ exchange–correlation schemes for accurate property prediction. Structural s..."
Cs2ScTlI6,"2.05, 2.42",,2025,https://doi.org/10.71107/8zt66802,"For the calculation of structural, optical, electronic and mechanical properties of a X 2 ScTlI 6 with X = Cs, Li, Na and K possessing a cubic (2 25 ) structure a density functional theory (DFT) approach has been employed.The Perdew-Burke-Ernzerhof (PBE) approach and alongside generalized gradient approximation (GGA) are employed to investigate the structural, bandgap topologies, density of states and optical parameters of the compounds.High values of optical parameters like absorption = 10 5 cm..."
ErVO3,"1.12, 1.28, 1.57, 0.58","First principles investigations of the electronic and magnetic properties of RVO3 (R = Er, Ho, Y, Lu) vanadates",2022,https://doi.org/10.48550/arxiv.2211.07554,"In this paper, we investigate the influence of the rare earth element (R) on the physical properties of RVO3 (R = Er, Ho, Y, Lu). For this purpose, a theoretical work is reported in this study using ab initio method with the intent of enhancing our knowledge of the electronic, and magnetic properties of RVO3 (R = Er, Ho, Y, Lu) compounds. The electronic properties of these materials show the presence of Jahn-Teller effect, with a band gap of approximately 0.58eV, 1.57eV, 1.12eV, 1.28eV, for ErVO..."
YBiO3,"0.5, 4.5, 0.03",Fundamental absorption edges in heteroepitaxial YBiO3 thin films,2016,https://doi.org/10.1063/1.4962975,"The dielectric function of heteroepitaxial YBiO3 grown on a-Al2O3 single crystals via pulsed laser deposition is determined in the spectral range from 0.03 eV to 4.5 eV by a simultaneous modeling of the spectroscopic ellipsometry and optical transmission data of YBiO3 films of different thicknesses. The (111)-oriented YBiO3 films are nominally unstrained and crystallize in a defective fluorite-type structure with a Fm3¯m space group. From the calculated absorption spectrum, a direct electronic b..."
Rb2AgSbCl6,"4.0, 1.56",A computational insight of the lead‐free double perovskites <scp> Rb <sub>2</sub> AgSbCl <sub>6</sub> </scp> and <scp> Rb <sub>2</sub> AgSbBr <sub>6</sub> </scp> for optoelectronic and thermoelectric applications,2022,https://doi.org/10.1002/er.8732,"Based on first-principles calculations, we have computed the optoelectronics and thermoelectric properties of double Perovskite halides Rb2AgSbX6 (X = Cl, Br). Our calculation suggested the favorable nature of Rb2AgSbX6 (X = Cl, Br) due to lower formation energy. Additionally, we have explored the electronic properties in terms of band structure and density of states. We find that both Rb2AgSbCl6, and Rb2AgSbBr6 possess an indirect band gap of 2.19 and 1.56 eV, respectively. Furthermore, the Rb2..."
Cs2LiInCl6,6,Mn <sup>2+</sup> ‐Activated Alkali Lithooxidosilicate Phosphors as Sustainable Alternative White‐Light Emitters,2025,https://doi.org/10.1002/anie.202504078,"Eu<sup>2+</sup>-activated alkali lithooxidosilicates have emerged as promising candidates for narrow-band cyan and green-emitting phosphors for human-centered lighting. Despite the vivid research on Eu<sup>2+</sup>-activated alkali lithooxidosilicates, little to nothing is known about the possible luminescence with other activator ions than Eu<sup>2+</sup>. The more abundant transition metal ion Mn<sup>2+</sup> is a potential alternative emitter with tunable emission over the visible spectral ra..."
La2MnNiO6,2.5,Electronic Structure and Band Alignment of LaMnO<sub>3</sub>/SrTiO<sub>3</sub> Polar/Nonpolar Heterojunctions,2018,https://doi.org/10.1002/admi.201801428,"Abstract The behavior of polar LaMnO 3 (LMO) thin films deposited epitaxially on nonpolar SrTiO 3 (001) (STO) is dictated by both the LMO/STO band alignment and the chemistry of the Mn cation. Using in situ X‐ray photoelectron spectroscopy, the valence band offset (VBO) of LMO/STO heterojunctions is directly measured as a function of thickness, and found that the VBO is 2.5 eV for thicker (≥3 u.c.) films. No evidence of a built‐in electric field in LMO films of any thickness is found. Measuremen..."
Sr2FeMoO6,0.7,Structural defects in Sr2FeMoO6 double perovskite: Experimental versus theoretical approach,2005,https://doi.org/10.1063/1.1997286,"The lower than expected magnetization of imperfect Sr2FeMoO6 (SFMO) double perovskites is usually attributed to the presence of Fe at antisite positions that would be antiferromagnetically coupled to their regular neighbors. However, ab initio calculations suggest strongly that such defective Fe sites would be ferromagnetically coupled and, consequently, the magnetization reduction would originate from other kinds of defects. The magnetic, hyperfine, and structural properties of SFMO perovskites..."
CrBO3,5.09,First-Principles Calculations of Room-Temperature Antiferromagnetism in Crystalline Transition-Metal Borate Nanosheets: Implications for Spintronics Applications,2021,https://doi.org/10.1021/acsanm.1c02300,"Two-dimensional (2D) antiferromagnetic materials with room-temperature magnetism and ambient stability are highly desirable for practical applications of antiferromagnetic spintronic nanodevices; however, they have been rarely explored. Here, a new family of antiferromagnetic transition-metal borate TMBO3 (TM = V, Cr, Mn, Fe) nanosheets, 2D counterparts of calcite-type TMBO3 materials, are reported based on first-principles calculations. 2D TMBO3 crystals are antiferromagnetic semiconductors wit..."
ScGaO3,2.26,"Study of Structural, Electronic, Optical, Thermodynamic, and Thermoelectric Properties of Mg‐Based Oxide‐Perovskite PuMgO<sub>3</sub>",2025,https://doi.org/10.1002/zaac.202500074,"Density functional theory (DFT) in the WIEN2K computational framework has been used to thoroughly examine the structural, electrical, optical, thermodynamic, and thermoelectric properties of the cubic‐phase perovskite oxide PuMgO 3 . With the lattice parameter precisely calculated to provide accurate property predictions, the structural optimization validates the compound's stability. The generalized gradient approximation (GGA) was used to examine the electronic properties through the total and..."
KIO3,"0.8, 20, 1, 10",Chemical Effects on Core-Electron Binding Energies in Iodine and Europium,1968,https://doi.org/10.1063/1.1669685,"A theoretical and experimental study was made of the shift in atomic core-electron binding energies caused by the chemical environment. Two models are presented to account for these “chemical shifts.” The first uses an energy cycle to break the core-electron binding energies into a free-ion contribution and a classical Madelung energy contribution. The Madelung energy contributes a significant part of the binding-energy shift. It can, in principle, be evaluated rigorously although there is some ..."
InBO3,7.8,Defect Chemistry and Doping of Ultrawide Band Gap (III)BO<sub>3</sub> Compounds,2023,https://doi.org/10.1021/acs.chemmater.3c01754,"New wide band gap semiconductors are needed to increase the power, voltage, and switching frequency limits of power electronic devices. A recent computational search identified a family of ultrawide band gap (4.8–7.8 eV) group-III orthoborates as promising materials for power electronics, assuming n-type doping could be attained. Here-in, we test this assumption by investigating the defect chemistry and dopability of rhombohedral calcite-structured AlBO3, GaBO3, and InBO3 using first-principles ..."
InBO3,5.05,Photoluminescence and Optoelectronics Characteristics of Eu-doped InBO3 Nanocrystals,2015,https://doi.org/10.1016/s1452-3981(23)04854-x,Indium boron oxide(InBO3) nanocrystals doped with Eu3+ ions prepared via the sol-gel method are characterized. The photoluminescence spectra excited at 263 nm have a strong red emission band with a peak at 616 nm. The 5D0 → 7F1 (593 nm) and 5D0 → 7F2 (616 nm) transitions of Eu3+ appear at a quenching concentration of above 5 mol%. The optical absorption spectra of the Eu-doped host annealed at 700 °C exhibit a band-gap energy of 5.05 eV. It is found that InBO3:xEu (x= 5 mol%) added to a hybrid s...
DyAlO3,5.15,Structural and optical characterization of DyAlO3 perovskite powders obtained by combustion synthesis,2016,https://doi.org/10.1063/1.4946653,"Phase pure Dysprosium monoaluminate has been prepared from Dysprosium oxide and Aluminium nitrate by auto-ignition citrate complex combustion process. The phase formation has been investigated using X-ray diffraction analysis (XRD), Thermo-Gravimetric/Differential Thermal Analysis (TGA/DTA) and Fourier Transform Infrared (FT-IR) spectroscopy analysis. X-ray diffraction analysis (XRD) revealed that DyAlO3 has an orthorhombic perovskite structure. From Transmission Electron Microscopy (TEM) studie..."
CaZnO3,"2.65, 2.8",Effect of substrate temperature on the optical and structural properties of CaZnO3 perovskite thin films,2023,https://doi.org/10.15251/djnb.2023.181.165,"deposition method (SPD) for different substrate temperatures (200, 250, 300, and 350 °C). In this study, we investigated the effect of the variation in substrate temperature on the crystal structure and optical properties of CaZnO3 thin films using a scanning electron microscope (SEM), an X-ray spectrum, and a UV spectrum. The absorbance and transmittance of the prepared films with wave length show a clear variation with substrate temperature. The band gap varied from 2.65 eV to 2.8 eV. The SEM ..."
CaZnO3,"2.95, 2.75, 3.1",Effect of KOH Concentration on the Optical and Structural Properties of Perovskite CaZnO3 Thin films,2023,https://doi.org/10.32628/ijsrst229692,"A scanning electron microscope, X-ray spectrum, and UV spectrometer have been used in the examination of CaZnO3 perovskite thin films. Chemical Spry Pyrolysis (CSPD) technique was used in the preparation of the films from a mixture including different concentrations of KOH and a constant substrate temperature. The effect of KOH concentration was clear on the film’s transmittance, absorbance, and energy gap. The energy gap varied from 2.75 eV with 0.6 gm of KOH, up to 2.95 eV for 1.2 concentratio..."
Rb2TlSbBr6,"1.486, 1.04, 2.07","Optoelectronic and thermoelectric analysis of halide stable double perovskite Rb2TlSbX6 (X = Cl, Br, I) via DFT calculations",2024,https://doi.org/10.1016/j.rinp.2024.107885,"To explore a good candidate for solar cell applications as an alternative to lead-independent materials, we calculated the structural and mechanical stability of the Rb2TlSbX6 (X = Cl, Br, I) compounds with PBEsol potential. The optoelectronic and thermoelectric behaviors of these compounds are computed with TB-mBJ potential. Our results indicate that these materials possessed excellent structural, mechanical, and thermal stability on the basic values of their Goldsmith’s, elastic parameters and..."
KTiI3,1.0,Unraveling the Diffusion of Bulk Ti Interstitials in Rutile TiO<sub>2</sub>(110) by Monitoring Their Reaction with O Adatoms,2010,https://doi.org/10.1021/jp910358w,The diffusion of interstitial Ti3+ species (Tii3+) in rutile TiO2(110) from the bulk to the surface has been studied utilizing two experimental techniques. Electron-stimulated desorption of O+ ions was employed to kinetically monitor the reaction between oxygen adatoms with Tii3+ species at temperatures between 360 and 400 K. Scanning tunneling microscopy was also used to measure the Tii3+ diffusion rate. Both methods yield a rate constant kTii3+ = 5 × 10−4 s−1 at 393 K. The activation energy as...
RbAuBr3,"1.12, 1.06","A computational insight into Rb<sub>2</sub>ASbX<sub>6</sub> (A=Tl, Cu &amp; X=I, Cl) double perovskites for energy storage and optoelectronic applications",2023,https://doi.org/10.1088/1402-4896/acf3a9,"Abstract Double perovskites are considered to be outstanding materials for encountering the energy crises faced by the world community. This article comprehensively addresses the electronic structure, mechanical, optical and transport attributes of Rb 2 ASbX 6 (A=Tl, Cu &amp; X=I, Cl) double perovskites by using the DFT approach. The structural and thermodynamic stability is confirmed with negative formation energy and tolerance factor. An indirect bandgap of 1.06 eV for Rb 2 CuSbCl 6 and a dire..."
RbAuBr3,2.21,"First-Principles Analysis on the Optoelectronic, Structural, Elastic and Transport Characteristics of Novel Fluoroperovskites Cs<sub>2</sub>TlAgF<sub>6</sub> for Green Technology",2024,https://doi.org/10.1149/2162-8777/ad3003,"Cs-based perovskites hold immense significance in the field of green technology due to their unique properties, offering promising avenues for efficient, low-cost devices. In this theoretical work, DFT has been employed to extensively scrutinize the physical properties of double fluoroperovskites Cs 2 TlAgF 6 . The modified Becke Johnson functional was used to take exchange-correlation effects into consideration accurately. From the calculated value of formation energy, volume optimization curve..."
RbYbF3,"13.5, 0.80, 0.62","Structural, electronic and optical properties of cubic perovskite RbYbF<sub>3</sub> under pressure: a first principles study",2019,https://doi.org/10.1088/2053-1591/ab540e,"We report the ground state and pressure induced structural, electronic and optical properties of RbYbF3 calculated via density functional theory implemented in the Wien2k code. The ground state lattice parameters were found in good agreement with the available experimental and theoretical results. To evaluate the pressure induced effects on RbYbF3, stepwise pressure in the range of 0–15 GPa was virtually imposed with each step of 3 GPa. It was noted that the lattice constant and bond length decr..."
Na2ScAgCl6,"2.45, 40","Tailoring halide double perovskite materials Rb2MgSnY6 (Y = I, Br, Cl) for enhanced optoelectronic and solar cells through first-principles study",2025,https://doi.org/10.24425/opelre.2025.155902,"Aiming to enhance halide double perovskites technological applications, this research examines optoelectronic, structural, and mechanical properties of Rb2MgSnY6 (Y = I, Br, Cl) compounds via the first-principles method, evaluating their suitability for prospective applications. The optimised structural parameters and cell volumes expand proportionally with the size of the halogen atoms, and the computed tolerance factors, along with positive phonon frequencies in band structures, confirm both s..."
Rb2AgSbBr6,"4.0, 1.56",A computational insight of the lead‐free double perovskites <scp> Rb <sub>2</sub> AgSbCl <sub>6</sub> </scp> and <scp> Rb <sub>2</sub> AgSbBr <sub>6</sub> </scp> for optoelectronic and thermoelectric applications,2022,https://doi.org/10.1002/er.8732,"Based on first-principles calculations, we have computed the optoelectronics and thermoelectric properties of double Perovskite halides Rb2AgSbX6 (X = Cl, Br). Our calculation suggested the favorable nature of Rb2AgSbX6 (X = Cl, Br) due to lower formation energy. Additionally, we have explored the electronic properties in terms of band structure and density of states. We find that both Rb2AgSbCl6, and Rb2AgSbBr6 possess an indirect band gap of 2.19 and 1.56 eV, respectively. Furthermore, the Rb2..."
Rb2AgSbBr6,"1.02, 0.81, 1.07, 0.97","A DFT Computational Chemistry Approach of Narrow Bandgap Perovskites AgAZ <sub>3</sub> (A = Ge, Sn; Z = Br, I) for Solar Energy Applications",2025,https://doi.org/10.1002/ente.202502060,"Halide perovskites exhibit remarkable optoelectronic properties and compositional versatility, making them highly promising for next‐generation photovoltaics. This study investigates the photovoltaic potential of novel silver‐based halide perovskites AgAZ 3 (A = Ge, Sn; Z = Br, I) using the first‐principles method implemented in the WIEN2K code. Structural optimization, electronic band structure, density of states, and detailed optical spectra of these perovskite compounds were analyzed using th..."
Ba2TlSbO6,0.3,A dataset of DFT-computed oxygen vacancy formation energies of metal oxides,2023,https://doi.org/10.48550/arxiv.2309.01160,"The oxygen vacancy formation energy ($ΔE_{vf}$) governs defect dynamics and is a useful metric to perform materials selection for a variety of applications. However, density functional theory (DFT) calculations of $ΔE_{vf}$ come at a greater computational cost than the typical bulk calculations available in materials databases due to the involvement of multiple vacancy-containing supercells. As a result, available repositories of direct calculations of $ΔE_{vf}$ remain relatively scarce, and the..."
CsNiBr3,"3.10, 2.49, 3.50",Structural Diversity in White-Light-Emitting Hybrid Lead Bromide Perovskites,2018,https://doi.org/10.1021/jacs.8b08691,"Hybrid organic-inorganic halide perovskites are under intense investigations because of their astounding physical properties and promises for optoelectronics. Lead bromide and chloride perovskites exhibit intrinsic white-light emission believed to arise from self-trapped excitons (STEs). Here, we report a series of new structurally diverse hybrid lead bromide perovskites that have broad-band emission at room temperature. They feature Pb/Br structures which vary from 1D face-sharing structures to..."
NaVF3,"6.203, 4.773",Ultra-wide bandgap semiconductor behavior of NaCaF3 fluoro-perovskite with external static isotropic pressure and its impact on optical properties: First-principles computation,2021,https://doi.org/10.21203/rs.3.rs-336152/v1,"<title>Abstract</title> A comprehensive theoretical study to investigate the outcomes of externally applied static isotropic pressure (0 GPa - 50 GPa) on electronic, optical and structural properties of NaCaF<sub>3</sub>, using density functional theory (DFT) based CASTEP (Cambridge Serial Total Energy Package) code with ultra-soft pseudo-potential USP plane wave and Perdew Burke Ernzerhof (PBE) exchange-correlation functional of Generalized Gradient Approximation (GGA), is reported. The electro..."
AgNO3,2,Selective Preparation of Monoclinic and Tetragonal BiVO<sub>4</sub>with Scheelite Structure and Their Photocatalytic Properties,2001,https://doi.org/10.1021/cm0103390,"BiVO4 powder with scheelite structure was obtained by hydrolyzing a nitric acid solution of Bi(NO3)3 and Na3VO4 with bases (Na2CO3 and NaHCO3) at room temperature. Tetragonal BiVO4 of a high-temperature form was obtained after 4.5 h of preparation time while monoclinic BiVO4 was done after 46 h. Although the structure and the band gap of tetragonal BiVO4 with scheelite structure were similar to those of monoclinic BiVO4, the photocatalytic activity of the tetragonal BiVO4 for O2 evolution from a..."
Sr2NiIrO6,0.3,A dataset of DFT-computed oxygen vacancy formation energies of metal oxides,2023,https://doi.org/10.48550/arxiv.2309.01160,"The oxygen vacancy formation energy ($ΔE_{vf}$) governs defect dynamics and is a useful metric to perform materials selection for a variety of applications. However, density functional theory (DFT) calculations of $ΔE_{vf}$ come at a greater computational cost than the typical bulk calculations available in materials databases due to the involvement of multiple vacancy-containing supercells. As a result, available repositories of direct calculations of $ΔE_{vf}$ remain relatively scarce, and the..."
NiTeO3,3.582,Spinelectronic investigation of the quaternary vanadium fluoride Rb2NaVF6: Ab-initio method,2020,https://doi.org/10.31349/revmexfis.66.604,"In this study, we have investigated the structural, electronic, and magnetic properties of the Rb2NaVF6 compound. We have performed our calculations by the use of first-principle methods based on spin-polarized density functional theory, where the electronic exchange-correlation potential is treated by the generalized gradient approximation GGA- PBEsol coupled with the improved TB-mBJ approach. The calculated structural parameters of Rb2NaVF6 are in good agreement with the available experimental..."
Sr2LaNbO6,3.7,"Theoretical investigation of physical properties of <scp> Sr <sub>2</sub> XNbO <sub>6</sub> </scp> (X = La, Lu) double perovskite oxides for optoelectronic and thermoelectric applications",2022,https://doi.org/10.1002/er.7862,"The cubic Sr2XNbO6 (X = La, Lu) double perovskite oxides (DPOs) have been examined by density functional theory (DFT). Structural, elastic, electronic, thermoelectric (TE), and optical characteristics are computed by utilizing the full-potential linearized augmented plane wave method (FP-LAPW). It is probed that Sr2LaNbO6 and Sr2LuNbO6 are semiconductors with direct band gap (Eg) of 4.02 and 3.7 eV, respectively at theΓ symmetry points. To ensure the structure's stability, the Goldschmidt tolera..."
LuMnO3,1.55,Switchable Photovoltaic Effects in Hexagonal Manganite Thin Films Having Narrow Band Gaps,2015,https://doi.org/10.1021/acs.chemmater.5b03408,"Ferroelectric photovoltaics (FPVs) are being extensively studied owing to their anomalously high photovoltages, coupled with reversibly switchable photocurrents. However, FPVs suffer from their extremely low photocurrents, which is primarily due to their wide band gaps. Herein, we present a new class of FPV by demonstrating (i) a nearly optimum band gap of ∼1.55 eV and (ii) the ferroelectric polarization switching in the epitaxial hexagonal manganite thin films, h-RMnO3, where R = Lu and Y. Acco..."
Ba2GdSbO6,84,"EXPERIMENTAL AND THEORETICAL STUDY OF THE STRUCTURAL, MAGNETIC AND ELECTRONIC PROPERTIES OF THE BA2GDSBO6 PEROVSKITE",2017,,"In this work the procedure to the synthesis of Ba2GdSbO6 complex perovskite by the solid-state reaction method is reported. Theoretically a study of the crystalline and electronic structure was performed into the framework of the Density Functional Theory (DFT). The most stable structure is obtained to be a rhombohedral perovskite with a lattice constant a=6,0840 &Aring;.&nbsp; Due the occurrence of a mean energy gap of 2,84 eV close to the Fermi level for both up and down spin polarizations thi..."
MgZnO3,2.26,"Study of Structural, Electronic, Optical, Thermodynamic, and Thermoelectric Properties of Mg‐Based Oxide‐Perovskite PuMgO<sub>3</sub>",2025,https://doi.org/10.1002/zaac.202500074,"Density functional theory (DFT) in the WIEN2K computational framework has been used to thoroughly examine the structural, electrical, optical, thermodynamic, and thermoelectric properties of the cubic‐phase perovskite oxide PuMgO 3 . With the lattice parameter precisely calculated to provide accurate property predictions, the structural optimization validates the compound's stability. The generalized gradient approximation (GGA) was used to examine the electronic properties through the total and..."
MgZnO3,"1.33, 1.53, 0.43","Computational investigation of LiMgZ half-heusler phases where Z = P, as, and Bi for optoelectronic and photoelectronic applications",2025,https://doi.org/10.1038/s41598-025-10593-y,"This study investigates the structural, electronic, mechanical, elastic anisotropic, optical, and thermodynamic properties of LiMgZ (Z = P, As, Bi) half-Heusler compounds using Density Functional Theory (DFT) as implemented in the Cambridge Serial Total Energy Package (CASTEP). Structural optimization confirms the stability of these compounds in cubic crystalline structures. Detailed analysis of electronic band structures and density of states (DOS) reveals direct band gaps for LiMgP, LiMgAs, an..."
BaSiO3,"0.082, 0.096",The Open Quantum Materials Database (OQMD): assessing the accuracy of DFT formation energies,2015,https://doi.org/10.1038/npjcompumats.2015.10,"Abstract The Open Quantum Materials Database (OQMD) is a high-throughput database currently consisting of nearly 300,000 density functional theory (DFT) total energy calculations of compounds from the Inorganic Crystal Structure Database (ICSD) and decorations of commonly occurring crystal structures. To maximise the impact of these data, the entire database is being made available, without restrictions, at www.oqmd.org/download . In this paper, we outline the structure and contents of the datab..."
Cs2CuAsCl6,1.51,"Structural, optoelectronic, thermoelectric, and thermodynamic properties of novel copper-based halide double perovskites Cs 2 CuXCl 6 (X = Sb, As, Bi): First principles insights",2024,https://doi.org/10.21203/rs.3.rs-4658673/v1,"<title>Abstract</title> In the present investigation, a complete physical study of electronic structure, optical, thermoelectric and thermodynamic properties have been done on a set of three lead-free double halide perovskite materials, Cs<sub>2</sub>CuXCl<sub>6</sub>; using the first principle calculation on the basis of Density Functional Theory and the theory of Boltzmann transport applied in the WIEN2K simulator program. When substituting the X with As, Sb and Bi cation in the double perovsk..."
Cs2InCuCl6,1.1,Design of Thermodynamically Stable Lead‐Free Cs<sub>2</sub>InCuCl<sub>6</sub> Double Perovskite Solar Cells,2025,https://doi.org/10.1002/adts.202500258,"Abstract In this work, the potential of lead‐free double perovskite Cs 2 InCuCl 6 (CICC) is investigated as a solar cell absorber. CICC exhibits a direct bandgap of 1.1 eV and exceptional thermodynamic stability with high decomposition enthalpies (0.4–67.4 meV atom −1 ). Utilizing Solar Cell Capacitance Simulator software (SCAPS)‐1D simulations, device architecture, including material selection, layer thicknesses, and doping concentrations, are systematically developed and optimized achieving a ..."
Cs2LiCeCl6,3.83,"First-principles calculations to investigate structural, electronic, optical, and magnetic properties of a scintillating double perovskite halide (Cs2LiCeCl6)",2022,https://doi.org/10.1016/j.jmrt.2022.11.088,"In this study, the investigations of structural, electronic, optical, and magnetic properties of a scintillating double perovskite halide (Cs2LiCeCl6) by using the full-potential linearized augmented plane wave (FP-LAPW) method in the framework of density functional theory (DFT) is reported. The optimized lattice constant (a0) is fully consistent with the experimental results, and the ground state optimized energy confirms the cubic (Fm 3¯ m space group) stability of the compound. The electronic..."
Cs2LiCeCl6,"7.39, 4.07, 8.92","Appealing perspectives of the structural, electronic, elastic and optical properties of LiRCl<sub>3</sub> (R = Be and Mg) halide perovskites: a DFT study",2023,https://doi.org/10.1039/d3ra02640j,"To enhance the effectiveness of materials, we are motivated to investigate lithium-based halide perovskites LiRCl<sub>3</sub> (where R = Be and Mg) using first-principles techniques based on density functional theory (DFT), implemented in the WIEN2K code. In this study, the research makes use of the WIEN2K simulation code, employing the plane-wave and self-consistent (PWSCF) approach. The cut-off energy, responsible for distinguishing core and valence states, is established at -6.0 Ry. To guaran..."
Cs2LiCeCl6,2.5,"Revealing the Structural, Elastic, Electronic, and Optical Properties of K<sub>2</sub>ScCuCl<sub>6</sub> and K<sub>2</sub>YCuCl<sub>6</sub>: An In-Depth Exploration Using Density Functional Theory",2024,https://doi.org/10.1021/acsomega.4c01923,"The optoelectronic, structural, and elastic properties of K<sub>2</sub>ScCuCl<sub>6</sub> and K<sub>2</sub>YCuCl<sub>6</sub> double perovskite compounds were thoroughly investigated in this study using density functional theory. It is observed that both compounds exhibit exceptional structural and mechanical stability. The structural stability is assessed using Goldsmith's tolerance factor (<i>t</i><sub>G</sub>), with values approaching unity indicating a reliable cubic perovskite structure. Pho..."
RbGeI3,1.38,Oriented tuning the photovoltaic properties of<i>γ</i>-RbGeX<sub>3</sub>by strain-induced electron effective mass mutation,2017,https://doi.org/10.1088/1361-6463/aa8bea,"Based on the concept of green environmental protection, we hope to find a substitute for lead perovskites to reduce the pollution and achieve high photoelectric conversion efficiency. In this paper, the structural, electronic and optical properties of γ-RbGeX3 (X = Cl, Br and I) hybrid perovskites are investigated by density functional theory (DFT) calculations. The result shows that the γ-RbGeI3 has direct band gap of 1.38 eV and exhibits strong optical absorption in the visible light spectrum...."
Ca2TaInO6,0.3,A dataset of DFT-computed oxygen vacancy formation energies of metal oxides,2023,https://doi.org/10.48550/arxiv.2309.01160,"The oxygen vacancy formation energy ($ΔE_{vf}$) governs defect dynamics and is a useful metric to perform materials selection for a variety of applications. However, density functional theory (DFT) calculations of $ΔE_{vf}$ come at a greater computational cost than the typical bulk calculations available in materials databases due to the involvement of multiple vacancy-containing supercells. As a result, available repositories of direct calculations of $ΔE_{vf}$ remain relatively scarce, and the..."
Ba2ZnOsO6,"1.12, 1.06","A computational insight into Rb<sub>2</sub>ASbX<sub>6</sub> (A=Tl, Cu &amp; X=I, Cl) double perovskites for energy storage and optoelectronic applications",2023,https://doi.org/10.1088/1402-4896/acf3a9,"Abstract Double perovskites are considered to be outstanding materials for encountering the energy crises faced by the world community. This article comprehensively addresses the electronic structure, mechanical, optical and transport attributes of Rb 2 ASbX 6 (A=Tl, Cu &amp; X=I, Cl) double perovskites by using the DFT approach. The structural and thermodynamic stability is confirmed with negative formation energy and tolerance factor. An indirect bandgap of 1.06 eV for Rb 2 CuSbCl 6 and a dire..."
Rb2NaInBr6,"2.879, 1.35",Computational Engineering of Direct-Bandgap Double Perovskites for Solar Cells,2026,https://doi.org/10.4018/979-8-3373-6058-4.ch005,"The pursuit of sustainable, lead-free perovskites has fueled the growing interest in halide double perovskites. This study utilizes first-principles calculations to explore the structural, elastic, electronic, and optical properties of Rb2NaInX6 (X=Br, I) and to evaluate their photovoltaic potential. The structural stability and mechanical strength of Rb2NaInBr6 have been substantiated through the application of Goldschmidt's tolerance factors, elastic constants, and bulk moduli. These findings ..."
